hs_chapter,signal_class,keyword,target_chapter,suppress_category_slug,head_noun
01,anchor,livestock,,,
01,anchor,breeding stock,,,
01,anchor,cattle,,,
01,anchor,horses for export,,,
01,anchor,hatching eggs,,,
95,suppressor,plush,,live_animals_animal_products,
95,suppressor,stuffed toy,,live_animals_animal_products,
02,anchor,beef,,,
02,anchor,pork,,,
02,anchor,lamb,,,
02,anchor,frozen meat,,,
02,anchor,chicken carcass,,,
16,anchor,sausage,,,
02,anchor,bacon,,,
21,suppressor,plant-based,,live_animals_animal_products,
21,suppressor,vegan meat,,live_animals_animal_products,
03,anchor,fresh fish,,,
03,anchor,frozen fish,,,
03,anchor,salmon,,,
03,anchor,shrimp,,,
03,anchor,tuna,,,
03,anchor,lobster,,,
03,anchor,fish fillet,,,
04,anchor,milk,,,
04,anchor,cheese,,,
04,anchor,butter,,,
04,anchor,yogurt,,,
04,anchor,eggs,,,
04,anchor,honey,,,
22,suppressor,soy milk,,live_animals_animal_products,
22,suppressor,almond milk,,live_animals_animal_products,
22,suppressor,oat milk,,live_animals_animal_products,
05,anchor,feathers,,,
05,anchor,bones,,,
05,anchor,animal hair,,,
05,anchor,ivory,,,
06,anchor,cut flowers,,,
06,anchor,live plants,,,
06,anchor,bulbs,,,
06,anchor,seedlings,,,
06,anchor,ornamental foliage,,,
06,anchor,tree saplings,,,
07,anchor,potatoes,,,
07,anchor,onions,,,
07,anchor,tomatoes,,,
07,anchor,carrots,,,
07,anchor,fresh vegetables,,,
07,anchor,lettuce,,,
07,anchor,cabbage,,,
08,anchor,fresh fruit,,,
08,anchor,apples,,,
08,anchor,oranges,,,
08,anchor,bananas,,,
08,anchor,citrus,,,
08,anchor,nuts,,,
08,anchor,dates,,,
09,anchor,coffee,,,
09,anchor,coffee beans,,,
09,anchor,instant coffee,,,
09,anchor,tea,,,
09,anchor,tea bags,,,
09,anchor,green tea,,,
09,anchor,black tea,,,
09,anchor,cardamom,,,
09,anchor,cinnamon,,,
09,anchor,turmeric,,,
09,anchor,black pepper,,,
85,suppressor,tablet computer,,pharmaceuticals,
85,suppressor,android tablet,,pharmaceuticals,
10,anchor,wheat,,,
10,anchor,rice,,,
10,anchor,corn,,,
10,anchor,barley,,,
10,anchor,oats,,,
10,anchor,maize,,,
10,anchor,grain,,,
11,anchor,flour,,,
11,anchor,wheat flour,,,
11,anchor,starch,,,
11,anchor,malt,,,
11,anchor,corn starch,,,
12,anchor,soybeans,,,
12,anchor,sunflower seeds,,,
12,anchor,sesame seeds,,,
12,anchor,oil seeds,,,
12,anchor,cottonseed,,,
13,anchor,gum arabic,,,
13,anchor,natural resin,,,
13,anchor,vegetable extract,,,
14,anchor,bamboo,,,
14,anchor,rattan,,,
14,anchor,vegetable fibre,,,
15,anchor,vegetable oil,,,
15,anchor,palm oil,,,
15,anchor,olive oil,,,
15,anchor,sunflower oil,,,
15,anchor,coconut oil,,,
15,anchor,animal fat,,,
15,anchor,beeswax,,,
16,anchor,canned tuna,,,
16,anchor,canned sardines,,,
16,anchor,corned beef,,,
16,anchor,sausages canned,,,
16,anchor,prepared meat,,,
17,anchor,sugar,,,
17,anchor,raw sugar,,,
17,anchor,refined sugar,,,
17,anchor,molasses,,,
17,anchor,confectionery,,,
17,anchor,candy,,,
18,anchor,cocoa,,,
18,anchor,chocolate,,,
18,anchor,cocoa butter,,,
18,anchor,cocoa powder,,,
19,anchor,bread,,,
19,anchor,pastries,,,
19,anchor,biscuits,,,
19,anchor,pasta,,,
19,anchor,cereal,,,
19,anchor,breakfast cereal,,,
20,anchor,canned vegetables,,,
20,anchor,jam,,,
20,anchor,fruit juice,,,
20,anchor,frozen vegetables,,,
20,anchor,pickles,,,
21,anchor,sauces,,,
21,anchor,seasonings,,,
21,anchor,soup mix,,,
21,anchor,instant noodles,,,
21,anchor,protein powder,,,
22,anchor,wine,,,
22,anchor,beer,,,
22,anchor,whisky,,,
22,anchor,vodka,,,
22,anchor,spirits,,,
22,anchor,bottled water,,,
22,anchor,soft drinks,,,
22,anchor,vinegar,,,
23,anchor,animal feed,,,
23,anchor,cattle feed,,,
23,anchor,fish meal,,,
23,anchor,oil cake,,,
23,anchor,bran,,,
24,anchor,cigarettes,,,
24,anchor,cigars,,,
24,anchor,tobacco leaves,,,
24,anchor,nicotine pouches,,,
24,anchor,vape liquid,,,
25,anchor,salt,,,
25,anchor,cement,,,
25,anchor,gypsum,,,
25,anchor,marble,,,
25,anchor,limestone,,,
25,anchor,sulphur,,,
26,anchor,iron ore,,,
26,anchor,copper ore,,,
26,anchor,bauxite,,,
26,anchor,coal slag,,,
26,anchor,mineral ore,,,
27,anchor,crude oil,,,
27,anchor,diesel,,,
27,anchor,petroleum,,,
27,anchor,natural gas,,,
27,anchor,gasoline,,,
27,anchor,coal,,,
27,anchor,bitumen,,,
27,anchor,kerosene,,,
28,anchor,sulfuric acid,,,
28,anchor,sulphuric acid,,,
28,anchor,hydrochloric acid,,,
28,anchor,nitric acid,,,
28,anchor,sodium hydroxide,,,
28,anchor,caustic soda,,,
28,anchor,chlorine,,,
28,anchor,ammonia,,,
28,anchor,inorganic chemical,,,
29,anchor,ethanol industrial,,,
29,anchor,formaldehyde,,,
29,anchor,glycerin,,,
29,anchor,methanol,,,
29,anchor,acetone,,,
29,anchor,benzene,,,
29,anchor,organic chemical,,,
30,anchor,medicines,,,
30,anchor,medicaments,,,
30,anchor,tablets,,,
30,anchor,capsules,,,
30,anchor,vaccines,,,
30,anchor,antibiotics,,,
30,anchor,insulin,,,
30,anchor,pharmaceutical,,,
30,anchor,injection,,,
30,anchor,syringe sterile,,,
31,anchor,fertiliser,,,
31,anchor,fertilizer,,,
31,anchor,urea,,,
31,anchor,potash,,,
31,anchor,nitrogen fertilizer,,,
31,anchor,phosphate fertilizer,,,
31,anchor,ammonium nitrate,,,
32,anchor,paint,,,
32,anchor,varnish,,,
32,anchor,dye,,,
32,anchor,pigment,,,
32,anchor,ink,,,
32,anchor,printing ink,,,
33,anchor,perfume,,,
33,anchor,cosmetics,,,
33,anchor,essential oil,,,
33,anchor,lipstick,,,
33,anchor,mascara,,,
33,anchor,fragrance,,,
33,anchor,cologne,,,
34,anchor,soap,,,
34,anchor,detergent,,,
34,anchor,shampoo,,,
34,anchor,laundry detergent,,,
34,anchor,washing powder,,,
34,anchor,candle,,,
34,anchor,wax polish,,,
35,anchor,gelatin,,,
35,anchor,glue,,,
35,anchor,adhesive,,,
35,anchor,enzyme,,,
35,anchor,casein,,,
36,anchor,explosives,,,
36,anchor,fireworks,,,
36,anchor,matches,,,
36,anchor,pyrotechnic,,,
36,anchor,detonator,,,
95,suppressor,sparkler toy,,explosives_pyrotechnics,
37,anchor,photographic film,,,
37,anchor,photographic paper,,,
37,anchor,x-ray film,,,
37,anchor,cinematographic film,,,
38,anchor,industrial chemical,,,
38,anchor,catalyst,,,
38,anchor,reagent,,,
38,anchor,laboratory chemical,,,
38,anchor,activated carbon,,,
39,anchor,plastic,,,
39,anchor,polyethylene,,,
39,anchor,pvc,,,
39,anchor,plastic bag,,,
39,anchor,plastic pellets,,,
39,anchor,polymer,,,
39,anchor,polypropylene,,,
40,anchor,rubber,,,
40,anchor,natural rubber,,,
40,anchor,tyres,,,
40,anchor,tires,,,
40,anchor,rubber gloves,,,
40,anchor,latex,,,
40,modifier,tyre,87,,car
40,modifier,tire,87,,car
41,anchor,rawhide,,,
41,anchor,leather,,,
41,anchor,cattle hide,,,
41,anchor,sheep skin,,,
41,anchor,tanned leather,,,
42,anchor,handbag,,,
42,anchor,leather wallet,,,
42,anchor,suitcase,,,
42,anchor,leather belt,,,
42,anchor,saddle,,,
42,anchor,leather goods,,,
43,anchor,fur coat,,,
43,anchor,fur,,,
43,anchor,mink,,,
43,anchor,sable,,,
43,anchor,fur trim,,,
62,suppressor,fake fur,,leather_hides_furs,
62,suppressor,faux fur,,leather_hides_furs,
44,anchor,timber,,,
44,anchor,plywood,,,
44,anchor,lumber,,,
44,anchor,sawn wood,,,
44,anchor,charcoal,,,
44,anchor,wood pellets,,,
44,anchor,fuelwood,,,
45,anchor,cork,,,
45,anchor,cork stopper,,,
45,anchor,natural cork,,,
46,anchor,wickerwork,,,
46,anchor,basketwork,,,
46,anchor,straw mat,,,
46,anchor,bamboo basket,,,
47,anchor,wood pulp,,,
47,anchor,paper pulp,,,
47,anchor,recovered paper,,,
47,anchor,waste paper,,,
48,anchor,paper,,,
48,anchor,paperboard,,,
48,anchor,cardboard,,,
48,anchor,newsprint,,,
48,anchor,kraft paper,,,
48,anchor,toilet paper,,,
48,anchor,tissue paper,,,
49,anchor,books,,,
49,anchor,magazines,,,
49,anchor,newspapers,,,
49,anchor,printed matter,,,
49,anchor,greeting cards,,,
49,anchor,maps,,,
50,anchor,silk,,,
50,anchor,raw silk,,,
50,anchor,silk yarn,,,
50,anchor,silk fabric,,,
51,anchor,wool,,,
51,anchor,wool yarn,,,
51,anchor,raw wool,,,
51,anchor,horsehair,,,
51,anchor,cashmere,,,
52,anchor,cotton,,,
52,anchor,raw cotton,,,
52,anchor,cotton yarn,,,
52,anchor,cotton fabric,,,
52,anchor,cotton thread,,,
53,anchor,jute,,,
53,anchor,flax,,,
53,anchor,hemp fibre,,,
53,anchor,sisal,,,
54,anchor,polyester filament,,,
54,anchor,nylon filament,,,
54,anchor,viscose,,,
54,anchor,synthetic yarn,,,
55,anchor,polyester staple,,,
55,anchor,acrylic fibre,,,
55,anchor,man-made staple,,,
56,anchor,nonwoven fabric,,,
56,anchor,felt,,,
56,anchor,rope,,,
56,anchor,twine,,,
56,anchor,cordage,,,
57,anchor,carpet,,,
57,anchor,rug,,,
57,anchor,floor covering,,,
57,anchor,oriental rug,,,
58,anchor,lace,,,
58,anchor,embroidery,,,
58,anchor,tapestry,,,
58,anchor,woven trim,,,
59,anchor,tarpaulin,,,
59,anchor,coated fabric,,,
59,anchor,canvas,,,
59,anchor,laminated textile,,,
60,anchor,knitted fabric,,,
60,anchor,jersey fabric,,,
60,anchor,crochet fabric,,,
61,anchor,t-shirt,,,
61,anchor,knit sweater,,,
61,anchor,knitted apparel,,,
61,anchor,polo shirt,,,
61,anchor,knit dress,,,
62,anchor,business suit,,,
62,anchor,jacket,,,
62,anchor,trousers,,,
62,anchor,dress shirt,,,
62,anchor,jeans,,,
62,anchor,coat,,,
62,anchor,blouse,,,
63,anchor,bedsheet,,,
63,anchor,towel,,,
63,anchor,blanket,,,
63,anchor,curtain,,,
63,anchor,worn clothing,,,
63,anchor,used clothing,,,
63,anchor,rags,,,
64,anchor,shoes,,,
64,anchor,boots,,,
64,anchor,sneakers,,,
64,anchor,sandals,,,
64,anchor,footwear,,,
64,anchor,athletic shoes,,,
65,anchor,hat,,,
65,anchor,cap,,,
65,anchor,helmet,,,
65,anchor,headwear,,,
66,anchor,umbrella,,,
66,anchor,walking stick,,,
66,anchor,walking cane,,,
67,anchor,artificial flower,,,
67,anchor,prepared feathers,,,
67,anchor,wig,,,
67,anchor,artificial eyelashes,,,
68,anchor,marble tile,,,
68,anchor,granite slab,,,
68,anchor,asbestos,,,
68,anchor,mica products,,,
68,anchor,stone article,,,
69,anchor,ceramic tile,,,
69,anchor,porcelain,,,
69,anchor,ceramic ware,,,
69,anchor,sanitary ware,,,
69,anchor,refractory brick,,,
70,anchor,glass,,,
70,anchor,glassware,,,
70,anchor,glass bottle,,,
70,anchor,window glass,,,
70,anchor,laboratory glass,,,
70,anchor,glass fibre,,,
71,anchor,gold,,,
71,anchor,silver,,,
71,anchor,diamond,,,
71,anchor,jewellery,,,
71,anchor,jewelry,,,
71,anchor,pearls,,,
71,anchor,precious stones,,,
71,anchor,platinum,,,
96,suppressor,costume jewellery,,jewellery_precious_metals,
96,suppressor,fashion jewelry,,jewellery_precious_metals,
72,anchor,steel,,,
72,anchor,iron,,,
72,anchor,steel bars,,,
72,anchor,steel coils,,,
72,anchor,pig iron,,,
72,anchor,steel ingot,,,
72,anchor,stainless steel,,,
73,anchor,steel pipe,,,
73,anchor,steel wire,,,
73,anchor,iron container,,,
73,anchor,steel structure,,,
73,anchor,nails,,,
73,anchor,screws,,,
73,anchor,bolts,,,
74,anchor,copper,,,
74,anchor,copper wire,,,
74,anchor,copper cathode,,,
74,anchor,brass,,,
74,anchor,bronze,,,
75,anchor,nickel,,,
75,anchor,nickel alloy,,,
76,anchor,aluminium,,,
76,anchor,aluminum,,,
76,anchor,aluminium foil,,,
76,anchor,aluminium sheet,,,
78,anchor,lead,,,
78,anchor,lead ingot,,,
79,anchor,zinc,,,
79,anchor,zinc plate,,,
79,anchor,galvanised,,,
80,anchor,tin plate,,,
80,anchor,tinfoil,,,
80,anchor,tin ingot,,,
81,anchor,tungsten,,,
81,anchor,molybdenum,,,
81,anchor,cobalt,,,
81,anchor,titanium metal,,,
82,anchor,hand tools,,,
82,anchor,knife,,,
82,anchor,scissors,,,
82,anchor,cutlery,,,
82,anchor,saw blade,,,
82,anchor,drill bit,,,
82,anchor,wrench,,,
95,suppressor,toy knife,,iron_steel_metal_articles,
83,anchor,padlock,,,
83,anchor,hinges,,,
83,anchor,metal fittings,,,
83,anchor,brass hardware,,,
83,anchor,bell,,,
84,anchor,industrial machinery,,,
84,anchor,nuclear reactor,,,
84,anchor,boiler,,,
84,anchor,turbine,,,
84,anchor,industrial pump,,,
84,anchor,compressor,,,
84,anchor,industrial machine parts,,,
84,anchor,centrifuge,,,
84,anchor,bulldozer,,,
84,modifier,industrial,84,,pump
85,anchor,smartphone,,,
85,anchor,laptop,,,
85,anchor,television,,,
85,anchor,electronics,,,
85,anchor,semiconductor,,,
85,anchor,integrated circuit,,,
85,anchor,electrical motor,,,
85,anchor,transformer,,,
85,anchor,wifi router,,,
85,anchor,lithium-ion battery,,,
85,anchor,li-ion battery,,,
85,modifier,li-ion,85,,battery
85,modifier,lithium-ion,85,,battery
85,modifier,android,85,,tablet
85,modifier,wireless,85,,router
86,anchor,locomotive,,,
86,anchor,railway carriage,,,
86,anchor,rail wagon,,,
86,anchor,railway track,,,
86,anchor,railway signal,,,
87,anchor,passenger car,,,
87,anchor,sedan,,,
87,anchor,suv,,,
87,anchor,motor vehicle,,,
87,anchor,truck,,,
87,anchor,bus,,,
87,anchor,motorcycle,,,
87,anchor,car parts,,,
87,anchor,brake pads,,,
87,modifier,lead-acid,87,,battery
88,anchor,aircraft,,,
88,anchor,airplane parts,,,
88,anchor,helicopter,,,
88,anchor,jet engine,,,
88,anchor,satellite,,,
88,anchor,spacecraft,,,
88,anchor,drone,,,
89,anchor,ship,,,
89,anchor,boat,,,
89,anchor,vessel,,,
89,anchor,yacht,,,
89,anchor,floating platform,,,
89,anchor,marine vessel,,,
90,anchor,microscope,,,
90,anchor,medical device,,,
90,anchor,thermometer,,,
90,anchor,x-ray machine,,,
90,anchor,surgical instrument,,,
90,anchor,measuring instrument,,,
90,anchor,camera,,,
90,anchor,binoculars,,,
90,anchor,prosthesis,,,
91,anchor,wristwatch,,,
91,anchor,wall clock,,,
91,anchor,watch movement,,,
91,anchor,clock parts,,,
92,anchor,piano,,,
92,anchor,guitar,,,
92,anchor,violin,,,
92,anchor,musical instrument,,,
92,anchor,drum,,,
93,anchor,m16 rifle,,,
93,anchor,ak-47,,,
93,anchor,ammunition,,,
93,anchor,5.56mm,,,
93,anchor,9mm rounds,,,
93,anchor,assault rifle,,,
93,anchor,handgun,,,
93,anchor,artillery shell,,,
95,suppressor,toy gun,,arms_ammunition,
95,suppressor,airsoft,,arms_ammunition,
95,suppressor,paintball,,arms_ammunition,
94,anchor,furniture,,,
94,anchor,sofa,,,
94,anchor,office chair,,,
94,anchor,mattress,,,
94,anchor,bedding,,,
94,anchor,desk,,,
94,anchor,wardrobe,,,
94,anchor,led lamp,,,
94,anchor,lighting fixture,,,
95,anchor,plush toy,,,
95,anchor,doll,,,
95,anchor,board game,,,
95,anchor,puzzle,,,
95,anchor,toy,,,
95,anchor,sports equipment,,,
87,anchor,bicycle,,,
95,anchor,fishing rod,,,
95,anchor,golf club,,,
93,suppressor,military-grade,,toys_games_sports,
96,anchor,buttons,,,
96,anchor,zip fastener,,,
96,anchor,pencil,,,
96,anchor,pen,,,
96,anchor,toothbrush,,,
96,anchor,cigarette lighter,,,
96,anchor,vacuum flask,,,
97,anchor,painting,,,
97,anchor,sculpture,,,
97,anchor,antique,,,
97,anchor,collector items,,,
97,anchor,artwork,,,
97,anchor,original artwork,,,
